ISSID,Latitude,Longitude,Start_Date,End_Date,type,type_id,violent
105,-34.034238,18.677952,02/01/2013,02/12/2013,Service delivery,9,1
4,-30.524934,27.364588,01/01/2013,01/24/2013,Service delivery,9,1
67,-28.170435,30.230345,01/17/2013,01/26/2013,Labour related,4,1
730,-25.751159,28.083003,01/03/2013,01/03/2013,Vigilantism,7,1
62,-26.128008,28.031759,01/04/2013,01/04/2013,Crime related,1,0
65,-26.1456,28.039954,01/07/2013,01/16/2013,Education related,2,0
88,-33.485433,19.669346,01/09/2013,02/12/2013,Labour related,4,1
55,-25.744433,28.192059,01/11/2013,01/11/2013,Labour related,4,0
107,-33.873587,18.508804,01/14/2013,01/14/2013,Service delivery,9,1
93,-33.997777,18.597536,01/16/2013,01/16/2013,Education related,2,0
30,-29.852515,31.029795,01/17/2013,01/17/2013,Service delivery,9,1
19,-26.168937,27.830881,01/18/2013,01/18/2013,Service delivery,9,1
31,-23.677936,27.7349,01/19/2013,01/19/2013,Labour related,4,1
11,-26.813524,27.841595,01/20/2013,01/22/2013,Service delivery,9,1
12,-26.865884,27.869297,01/20/2013,01/22/2013,Service delivery,9,1
3,-31.079666,29.504489,01/21/2013,01/23/2013,Service delivery,9,1
5,-33.900011,25.589001,01/21/2013,01/22/2013,Service delivery,9,1
10,-28.012174,27.081985,01/21/2013,01/21/2013,Service delivery,9,1
2,-32.332343,28.144698,01/23/2013,01/23/2013,Service delivery,9,1
17,-25.892122,28.191519,01/23/2013,01/25/2013,Labour related,4,0
39,-25.539885,28.017325,01/23/2013,01/23/2013,Service delivery,9,1
90,-34.040298,18.677772,01/23/2013,01/24/2013,Service delivery,9,1
28,-29.972121,30.904115,01/24/2013,01/31/2013,Labour related,4,1
85,-28.72642,24.75189,01/25/2013,01/25/2013,Labour related,4,1
89,-34.040298,18.677772,01/25/2013,01/26/2013,Service delivery,9,0
13,-26.197354,28.040803,01/26/2013,01/26/2013,Transport related,6,0
1,-33.004542,27.900027,01/28/2013,02/18/2013,Labour related,4,0
41,-32.252105,24.540617,01/28/2013,01/29/2013,Education related,2,0
37,-26.316433,26.813822,01/29/2013,01/29/2013,Service delivery,9,0
6,-33.800359,25.397295,01/30/2013,01/30/2013,Xenophobia,8,1
18,-26.001749,28.130476,01/30/2013,01/30/2013,Service delivery,9,0
59,-26.256468,27.91026,01/30/2013,01/30/2013,Service delivery,9,0
60,-26.2682,27.907252,01/31/2013,01/31/2013,Service delivery,9,0
57,-26.2538,27.905904,02/01/2013,02/08/2013,Service delivery,9,1
71,-29.858096,31.019062,02/02/2013,02/02/2013,Labour related,4,0
70,-29.849557,31.010173,02/05/2013,02/05/2013,Service delivery,9,0
94,-33.915283,18.425616,02/05/2013,02/05/2013,Labour related,4,0
14,-26.198499,27.860686,02/06/2013,02/06/2013,Service delivery,9,1
38,-27.208742,25.970379,02/06/2013,02/06/2013,Service delivery,9,0
58,-26.20481,28.037963,02/07/2013,02/07/2013,Labour related,4,0
56,-25.744433,28.192059,02/08/2013,02/08/2013,Labour related,4,1
98,-33.990876,18.592039,02/08/2013,02/08/2013,Education related,2,1
106,-34.04946,18.685884,02/09/2013,02/09/2013,Service delivery,9,0
7,-32.785885,26.848396,02/11/2013,02/13/2013,Service delivery,9,1
15,-25.741842,28.188949,02/12/2013,02/12/2013,Labour related,4,0
44,-33.292673,26.53892,02/12/2013,02/15/2013,Education related,2,0
82,-25.603777,27.978773,02/12/2013,02/12/2013,Crime related,1,0
92,-34.533129,20.041937,02/12/2013,02/12/2013,Crime related,1,0
43,-33.43999,25.965039,02/14/2013,02/15/2013,Education related,2,0
21,-25.746289,28.186626,02/15/2013,03/26/2013,Labour related,4,0
22,-26.201789,28.04654,02/15/2013,03/26/2013,Labour related,4,0
23,-26.211818,28.161391,02/15/2013,03/26/2013,Labour related,4,0
34,-25.749806,28.368931,02/15/2013,02/15/2013,Crime related,1,0
35,-25.886298,29.228358,02/15/2013,02/15/2013,Labour related,4,1
97,-33.92213,18.425063,02/15/2013,02/15/2013,Crime related,1,0
234,-26.298089,27.872627,02/15/2013,02/15/2013,Crime related,1,0
104,-33.92767,18.4186,02/17/2013,02/17/2013,Labour related,4,0
54,-26.380351,27.886662,02/21/2013,02/21/2013,Service delivery,9,1
91,-33.931023,18.433413,02/21/2013,02/21/2013,Crime related,1,0
20,-25.750053,28.183751,02/22/2013,02/22/2013,Crime related,1,0
73,-23.896402,29.447953,02/22/2013,02/22/2013,Political causes,5,0
108,-34.059007,18.670976,02/23/2013,02/24/2013,Education related,2,0
232,-29.848013,31.010058,02/25/2013,03/09/2013,Labour related,4,1
79,-25.453233,28.638069,02/26/2013,02/26/2013,Education related,2,0
100,-33.967281,18.570792,02/26/2013,02/26/2013,Vigilantism,7,1
83,-25.392461,28.303121,02/28/2013,03/02/2013,Service delivery,9,1
469,-32.955317,27.990047,02/28/2013,02/28/2013,Labour related,4,0
40,-25.682994,27.535429,03/04/2013,03/05/2013,Labour related,4,0
80,-26.85838,26.667252,03/04/2013,03/04/2013,Crime related,1,0
29,-29.849354,31.010283,03/05/2013,03/07/2013,Labour related,4,0
124,-25.667966,27.52325,03/05/2013,03/05/2013,Labour related,4,1
27,-26.138265,28.424624,03/06/2013,03/06/2013,Crime related,1,1
32,-23.899273,29.454112,03/06/2013,03/06/2013,Labour related,4,0
46,-27.189457,26.955,03/06/2013,03/06/2013,Service delivery,9,0
74,-23.114228,30.213806,03/07/2013,03/07/2013,Labour related,4,0
385,-24.775849,31.133997,03/07/2013,03/07/2013,Service delivery,9,1
8,-32.981831,27.874365,03/08/2013,03/08/2013,Crime related,1,0
33,-24.699532,28.406158,03/08/2013,03/08/2013,Crime related,1,1
69,-29.850173,31.030404,03/08/2013,03/08/2013,Labour related,4,0
538,-25.854744,25.640001,03/08/2013,03/08/2013,Crime related,1,0
72,-23.657964,27.520859,03/09/2013,03/15/2013,Labour related,4,0
76,-25.859743,29.217959,03/09/2013,03/14/2013,Labour related,4,0
537,-29.970662,30.900473,03/09/2013,03/09/2013,Crime related,1,0
24,-26.207179,28.031611,03/11/2013,03/11/2013,Labour related,4,0
25,-26.015357,27.934908,03/11/2013,03/11/2013,Service delivery,9,1
36,-26.316497,30.750132,03/11/2013,03/12/2013,Service delivery,9,1
47,-26.204673,28.039856,03/11/2013,03/12/2013,Labour related,4,0
52,-26.016722,27.939758,03/11/2013,03/11/2013,Service delivery,9,1
53,-25.933907,28.012498,03/11/2013,03/11/2013,Service delivery,9,1
68,-29.867027,30.980768,03/11/2013,03/13/2013,Service delivery,9,1
9,-31.896388,26.883298,03/12/2013,03/14/2013,Labour related,4,1
26,-26.266666,28.121296,03/12/2013,03/12/2013,Crime related,1,0
48,-26.01019,27.940963,03/12/2013,03/12/2013,Crime related,1,1
84,-25.659037,27.246418,03/12/2013,03/12/2013,Labour related,4,0
99,-34.040247,18.677782,03/12/2013,03/12/2013,Vigilantism,7,1
101,-33.81777,18.541696,03/12/2013,03/19/2013,Vigilantism,7,1
605,-29.025103,29.774467,03/12/2013,04/12/2013,Election related,3,1
51,-25.748811,28.185345,03/13/2013,03/13/2013,Transport related,6,0
102,-33.943917,18.524003,03/13/2013,03/13/2013,Service delivery,9,0
75,-22.972118,30.50185,03/15/2013,03/19/2013,Crime related,1,1
115,-33.924576,18.423179,03/15/2013,04/21/2013,Labour related,4,0
95,-33.926434,18.417715,03/16/2013,03/16/2013,Crime related,1,0
42,-32.983063,27.866519,03/18/2013,04/06/2013,Labour related,4,0
45,-27.997783,26.890917,03/18/2013,04/06/2013,Labour related,4,0
49,-26.077421,27.995462,03/18/2013,04/06/2013,Labour related,4,0
63,-26.20427,28.041222,03/18/2013,03/18/2013,Crime related,1,0
66,-27.750661,30.070861,03/18/2013,03/26/2013,Labour related,4,0
86,-28.72642,24.75189,03/18/2013,03/26/2013,Labour related,4,0
87,-28.722507,24.72999,03/18/2013,03/18/2013,Crime related,1,0
96,-33.909033,18.565163,03/18/2013,03/24/2013,Labour related,4,0
103,-33.92098,18.413983,03/18/2013,03/18/2013,Service delivery,9,0
606,-29.852993,30.979791,03/18/2013,03/18/2013,Election related,3,1
50,-25.846734,29.587627,03/20/2013,03/21/2013,Service delivery,9,1
77,-25.449646,31.12826,03/20/2013,03/20/2013,Labour related,4,1
78,-25.46411,30.985365,03/20/2013,03/20/2013,Labour related,4,1
110,-25.941438,29.606781,03/20/2013,03/21/2013,Service delivery,9,1
61,-26.204953,28.035442,03/22/2013,03/22/2013,Xenophobia,8,0
111,-25.734318,28.313455,03/22/2013,03/22/2013,Transport related,6,1
81,-25.673819,27.240594,03/26/2013,03/26/2013,Labour related,4,0
109,-33.994318,18.675798,03/27/2013,03/27/2013,Service delivery,9,1
127,-24.594973,27.390587,04/02/2013,04/15/2013,Labour related,4,0
64,-26.204953,28.035442,04/04/2013,04/04/2013,Labour related,4,0
231,-26.160367,28.082823,04/04/2013,04/08/2013,Labour related,4,0
134,-25.65152,26.689913,04/06/2013,04/06/2013,Transport related,6,0
614,-28.456015,21.241269,04/07/2013,04/07/2013,Election related,3,1
126,-28.779677,32.038119,04/08/2013,04/15/2013,Labour related,4,0
125,-26.866311,27.869069,04/10/2013,04/10/2013,Crime related,1,0
113,-26.28717,27.921681,04/11/2013,04/11/2013,Service delivery,9,1
122,-26.238012,27.840064,04/11/2013,04/11/2013,Labour related,4,0
604,-28.889773,31.470924,04/12/2013,04/12/2013,Election related,3,1
121,-26.006563,28.212565,04/14/2013,04/15/2013,Service delivery,9,1
114,-25.74988,28.193197,04/15/2013,04/16/2013,Labour related,4,1
116,-25.829353,28.206779,04/15/2013,04/21/2013,Labour related,4,0
128,-33.961703,18.515844,04/15/2013,04/28/2013,Labour related,4,0
180,-26.240641,28.008948,04/15/2013,04/15/2013,Political causes,5,1
112,-25.767816,28.199681,04/16/2013,04/16/2013,Labour related,4,0
179,-25.63622,27.232474,04/16/2013,04/18/2013,Labour related,4,0
117,-26.259112,27.930077,04/17/2013,04/18/2013,Service delivery,9,1
230,-30.73957,30.452974,04/17/2013,04/17/2013,Labour related,4,0
229,-26.143381,28.110332,04/18/2013,04/18/2013,Labour related,4,0
175,-26.189781,28.031628,04/19/2013,04/19/2013,Crime related,1,0
176,-26.865662,27.869541,04/19/2013,04/19/2013,Service delivery,9,1
177,-26.1138,28.163466,04/19/2013,04/19/2013,Service delivery,9,1
178,-26.724913,27.050097,04/19/2013,04/19/2013,Service delivery,9,0
118,-25.854768,28.189111,04/21/2013,04/21/2013,Environment related,10,0
133,-24.75464,29.856095,04/22/2013,04/22/2013,Vigilantism,7,0
119,-25.740455,28.211825,04/24/2013,04/28/2013,Labour related,4,0
120,-34.116101,18.829533,04/24/2013,04/28/2013,Labour related,4,0
185,-33.92682,18.420635,04/24/2013,04/24/2013,Labour related,4,0
172,-29.558228,30.39186,04/25/2013,04/25/2013,Service delivery,9,1
173,-29.602342,30.377441,04/25/2013,04/25/2013,Service delivery,9,1
174,-33.961593,18.502924,04/25/2013,04/25/2013,Labour related,4,0
123,-26.0992,28.232849,04/28/2013,04/28/2013,Environment related,10,0
170,-33.308807,26.525576,04/29/2013,04/29/2013,Service delivery,9,0
167,-25.668662,27.525341,04/30/2013,04/30/2013,Service delivery,9,1
129,-33.586637,22.198143,05/01/2013,05/01/2013,Service delivery,9,1
171,-33.308807,26.525576,05/02/2013,05/02/2013,Service delivery,9,1
130,-26.187768,28.009763,05/03/2013,05/03/2013,Political causes,5,0
131,-29.857882,31.01913,05/03/2013,05/03/2013,Individual causes,11,0
132,-33.924725,18.423995,05/03/2013,05/03/2013,Individual causes,11,0
149,-29.3672,31.266114,05/06/2013,05/06/2013,Service delivery,9,1
141,-26.695377,27.836918,05/07/2013,05/07/2013,Political causes,5,1
148,-26.272784,27.887618,05/07/2013,05/07/2013,Service delivery,9,1
168,-24.9612,29.281735,05/07/2013,05/07/2013,Labour related,4,0
169,-25.359407,27.107296,05/07/2013,05/07/2013,Labour related,4,0
136,-25.758051,28.202688,05/10/2013,05/10/2013,Service delivery,9,0
139,-26.218264,28.165011,05/10/2013,05/15/2013,Labour related,4,0
145,-23.046531,29.905237,05/10/2013,05/10/2013,Crime related,1,0
166,-26.204772,28.053583,05/10/2013,05/10/2013,Labour related,4,0
135,-26.203631,28.048421,05/11/2013,05/11/2013,Transport related,6,0
612,-25.65731,27.242949,05/11/2013,05/11/2013,Election related,3,1
144,-27.029747,30.778293,05/12/2013,05/13/2013,Service delivery,9,1
311,-23.182912,30.316201,05/12/2013,07/16/2013,Education related,2,0
165,-33.922974,18.865186,05/13/2013,05/13/2013,Labour related,4,0
137,-25.683767,27.537268,05/14/2013,05/14/2013,Labour related,4,1
154,-25.69868,27.474692,05/14/2013,05/15/2013,Labour related,4,1
140,-25.746559,28.18562,05/15/2013,05/15/2013,Labour related,4,0
163,-24.59423,27.390312,05/15/2013,05/16/2013,Labour related,4,0
164,-25.754587,28.179027,05/15/2013,05/15/2013,Labour related,4,0
295,-23.043942,29.90503,05/15/2013,05/15/2013,Crime related,1,1
138,-26.631868,30.669184,05/16/2013,05/16/2013,Service delivery,9,1
158,-25.675257,27.238432,05/16/2013,05/21/2013,Labour related,4,1
161,-29.82319,31.013876,05/16/2013,05/16/2013,Political causes,5,0
159,-32.992043,27.914268,05/17/2013,05/20/2013,Labour related,4,0
162,-29.866733,31.004954,05/18/2013,05/18/2013,Crime related,1,0
143,-33.971384,18.576781,05/19/2013,05/23/2013,Labour related,4,1
160,-33.994757,18.585045,05/20/2013,05/20/2013,Service delivery,9,1
209,-26.455141,27.859719,05/20/2013,05/21/2013,Xenophobia,8,1
213,-31.966726,28.682016,05/20/2013,05/20/2013,Vigilantism,7,1
214,-25.698644,27.47481,05/21/2013,05/21/2013,Vigilantism,7,1
157,-29.844028,30.980225,05/23/2013,05/23/2013,Service delivery,9,1
217,-33.910651,18.641183,05/23/2013,05/24/2013,Education related,2,1
218,-33.961399,18.647258,05/23/2013,05/23/2013,Service delivery,9,1
142,-26.199614,28.038097,05/24/2013,05/24/2013,Transport related,6,0
211,-25.799533,28.490594,05/24/2013,05/24/2013,Individual causes,11,0
212,-26.199902,28.046253,05/25/2013,05/25/2013,Crime related,1,0
215,-25.907869,25.645144,05/25/2013,05/25/2013,Vigilantism,7,1
241,-29.856577,31.029451,05/25/2013,05/25/2013,Individual causes,11,0
270,-29.815276,30.978179,05/25/2013,05/25/2013,Service delivery,9,1
146,-33.953052,18.502434,05/26/2013,05/26/2013,Crime related,1,0
196,-25.934196,28.012412,05/26/2013,05/30/2013,Xenophobia,8,1
208,-28.727381,24.710211,05/27/2013,05/29/2013,Service delivery,9,1
147,-26.189781,28.031669,05/28/2013,05/28/2013,Labour related,4,0
203,-33.894021,25.522556,05/28/2013,05/30/2013,Vigilantism,7,1
206,-27.27323,32.004998,05/28/2013,05/28/2013,Service delivery,9,1
151,-29.851683,30.996563,05/29/2013,05/29/2013,Labour related,4,0
152,-33.904715,18.406835,05/29/2013,05/29/2013,Labour related,4,0
153,-29.117296,26.225142,05/29/2013,05/29/2013,Labour related,4,0
204,-33.894509,25.522593,05/29/2013,05/30/2013,Vigilantism,7,1
205,-29.140787,26.276038,05/29/2013,05/29/2013,Labour related,4,0
207,-29.816388,30.978249,05/29/2013,05/29/2013,Service delivery,9,1
210,-34.002167,18.573816,05/29/2013,05/29/2013,Service delivery,9,0
216,-33.988619,18.572113,05/29/2013,05/29/2013,Education related,2,1
155,-33.856101,25.467492,05/30/2013,05/30/2013,Xenophobia,8,1
156,-26.202691,28.031326,05/30/2013,05/30/2013,Labour related,4,0
195,-27.649985,27.233217,05/30/2013,05/30/2013,Service delivery,9,1
197,-25.623099,27.21957,05/30/2013,05/30/2013,Labour related,4,0
328,-24.800201,30.169912,05/30/2013,07/26/2013,Labour related,4,1
150,-26.364556,28.152391,05/31/2013,05/31/2013,Transport related,6,0
194,-25.851654,25.639845,05/31/2013,05/31/2013,Labour related,4,0
187,-26.287421,27.895658,06/02/2013,06/02/2013,Crime related,1,0
186,-26.296979,27.854398,06/03/2013,06/03/2013,Labour related,4,0
189,-33.909033,18.564634,06/03/2013,06/03/2013,Crime related,1,0
191,-33.924182,18.418704,06/03/2013,06/03/2013,Service delivery,9,1
183,-30.578555,29.904091,06/04/2013,06/05/2013,Service delivery,9,1
188,-26.636475,27.785436,06/04/2013,06/04/2013,Labour related,4,0
190,-34.039791,18.677696,06/04/2013,06/04/2013,Service delivery,9,1
192,-26.202915,28.04449,06/04/2013,06/04/2013,Labour related,4,0
193,-25.773499,28.214023,06/04/2013,06/04/2013,Labour related,4,0
228,-25.783334,31.050014,06/04/2013,06/04/2013,Labour related,4,0
182,-26.169906,27.847987,06/05/2013,06/05/2013,Service delivery,9,0
184,-26.16915,27.844584,06/05/2013,06/05/2013,Service delivery,9,1
279,-26.170006,27.847404,06/05/2013,06/05/2013,Service delivery,9,1
199,-26.714431,27.093111,06/07/2013,06/07/2013,Labour related,4,0
237,-26.133635,29.732593,06/07/2013,06/07/2013,Service delivery,9,1
310,-22.976279,30.446507,06/07/2013,06/07/2013,Education related,2,0
201,-33.926329,18.422338,06/09/2013,06/09/2013,Service delivery,9,1
202,-33.98382,18.555222,06/10/2013,06/10/2013,Service delivery,9,1
198,-29.814001,31.000152,06/11/2013,06/12/2013,Labour related,4,1
181,-33.916575,18.428766,06/12/2013,06/12/2013,Political causes,5,0
200,-23.886583,29.727747,06/12/2013,06/12/2013,Labour related,4,0
236,-33.931992,18.444299,06/12/2013,06/12/2013,Service delivery,9,0
219,-29.857529,31.019141,06/13/2013,06/13/2013,Labour related,4,0
233,-29.823072,30.998657,06/13/2013,06/13/2013,Service delivery,9,1
235,-33.924182,18.418704,06/13/2013,06/13/2013,Service delivery,9,0
220,-29.857529,31.019141,06/14/2013,06/14/2013,Labour related,4,0
221,-25.654834,27.23321,06/14/2013,06/14/2013,Labour related,4,0
222,-29.861874,31.040613,06/14/2013,06/14/2013,Service delivery,9,0
223,-24.612738,30.973347,06/14/2013,06/14/2013,Service delivery,9,1
254,-33.923819,18.445411,06/14/2013,06/14/2013,Service delivery,9,1
259,-26.133654,29.733927,06/14/2013,06/14/2013,Service delivery,9,1
350,-29.857966,31.019065,06/14/2013,06/14/2013,Labour related,4,0
226,-29.857529,31.019141,06/16/2013,06/16/2013,Education related,2,0
224,-33.927709,18.418627,06/17/2013,06/17/2013,Education related,2,0
225,-25.748427,28.185279,06/17/2013,06/17/2013,Education related,2,0
242,-27.228055,27.594242,06/18/2013,06/21/2013,Service delivery,9,1
248,-28.744239,24.767116,06/18/2013,06/18/2013,Election related,3,1
249,-30.524918,27.364591,06/18/2013,06/18/2013,Service delivery,9,1
349,-26.034091,28.064665,06/18/2013,06/18/2013,Labour related,4,0
240,-29.9588,30.932748,06/19/2013,06/21/2013,Service delivery,9,1
238,-33.92217,18.425035,06/20/2013,06/20/2013,Service delivery,9,0
239,-33.930625,18.432016,06/20/2013,06/20/2013,Service delivery,9,0
243,-27.240604,27.576515,06/20/2013,06/20/2013,Service delivery,9,1
247,-33.858283,18.733347,06/20/2013,06/20/2013,Service delivery,9,1
227,-26.110237,28.110154,06/21/2013,06/21/2013,Service delivery,9,1
256,-25.655071,27.221326,06/21/2013,06/21/2013,Service delivery,9,0
257,-26.202812,28.030369,06/21/2013,06/21/2013,Service delivery,9,0
260,-26.2385,27.89265,06/21/2013,06/21/2013,Service delivery,9,1
280,-26.103649,28.096136,06/21/2013,06/21/2013,Service delivery,9,0
296,-23.342931,30.636538,06/21/2013,06/21/2013,Transport related,6,0
348,-26.235776,28.364647,06/21/2013,06/21/2013,Labour related,4,0
265,-26.203363,28.114812,06/22/2013,06/22/2013,Crime related,1,0
258,-29.740556,30.983044,06/23/2013,06/23/2013,Election related,3,1
278,-33.016179,27.837078,06/23/2013,06/23/2013,Service delivery,9,1
347,-25.456854,27.116002,06/23/2013,06/23/2013,Service delivery,9,0
244,-26.265668,28.026655,06/24/2013,06/24/2013,Transport related,6,0
246,-29.795072,30.839894,06/24/2013,06/24/2013,Service delivery,9,1
255,-29.844155,30.980447,06/24/2013,06/24/2013,Service delivery,9,1
603,-29.966237,30.882541,06/24/2013,06/24/2013,Service delivery,9,0
245,-29.848475,30.979182,06/25/2013,06/25/2013,Service delivery,9,1
253,-33.968673,18.594957,06/25/2013,06/25/2013,Service delivery,9,1
343,-26.21545,28.027291,06/25/2013,06/25/2013,Labour related,4,0
250,-33.76279,25.421171,06/26/2013,06/26/2013,Labour related,4,0
252,-33.961984,25.623131,06/26/2013,06/26/2013,Election related,3,0
317,-23.20688,30.459537,06/26/2013,06/26/2013,Service delivery,9,0
267,-26.289383,27.881249,06/27/2013,06/27/2013,Crime related,1,0
345,-29.857493,31.028555,06/27/2013,06/27/2013,Crime related,1,0
346,-23.900296,29.450635,06/27/2013,06/27/2013,Service delivery,9,0
251,-25.745919,28.222985,06/28/2013,06/28/2013,Political causes,5,0
266,-26.21816,28.164508,06/28/2013,06/28/2013,Labour related,4,0
555,-26.687342,27.869049,06/28/2013,06/28/2013,Crime related,1,0
264,-26.260597,27.923591,06/29/2013,06/29/2013,Political causes,5,0
344,-26.135051,28.228891,06/29/2013,06/29/2013,Labour related,4,0
261,-34.039985,18.673929,07/01/2013,07/01/2013,Service delivery,9,1
269,-25.399557,28.259501,07/01/2013,07/03/2013,Service delivery,9,1
262,-25.743228,28.246858,07/02/2013,07/02/2013,Transport related,6,0
263,-33.903025,18.638943,07/02/2013,07/02/2013,Service delivery,9,0
272,-29.802603,30.981923,07/02/2013,07/05/2013,Labour related,4,0
294,-22.974917,30.462562,07/03/2013,07/03/2013,Crime related,1,0
342,-26.204463,28.039798,07/03/2013,07/03/2013,Labour related,4,0
268,-26.716629,27.098296,07/04/2013,07/04/2013,Election related,3,1
341,-33.675483,18.99115,07/04/2013,07/04/2013,Service delivery,9,0
288,-27.42612,27.198028,07/05/2013,07/06/2013,Labour related,4,0
289,-28.729067,24.754546,07/05/2013,07/06/2013,Labour related,4,0
290,-22.34365,30.041193,07/05/2013,07/06/2013,Labour related,4,0
441,-33.926183,18.417717,07/05/2013,07/05/2013,Service delivery,9,0
273,-25.659526,27.244195,07/07/2013,07/08/2013,Labour related,4,1
276,-26.457972,27.858996,07/07/2013,07/07/2013,Vigilantism,7,1
271,-29.814105,30.978263,07/08/2013,07/09/2013,Service delivery,9,1
274,-26.10047,28.011417,07/08/2013,07/12/2013,Labour related,4,0
275,-26.150832,27.902272,07/08/2013,07/12/2013,Labour related,4,0
277,-26.478472,27.867246,07/08/2013,07/08/2013,Vigilantism,7,0
312,-30.046596,30.844443,07/08/2013,07/08/2013,Crime related,1,0
287,-25.524114,28.101147,07/09/2013,07/09/2013,Service delivery,9,0
292,-26.204037,28.038111,07/09/2013,07/09/2013,Political causes,5,0
281,-33.92293,18.420953,07/10/2013,07/10/2013,Crime related,1,0
284,-23.950398,30.618742,07/10/2013,07/10/2013,Labour related,4,0
286,-25.414929,28.032844,07/10/2013,07/10/2013,Service delivery,9,1
293,-22.962622,30.468381,07/10/2013,07/10/2013,Crime related,1,0
283,-33.94614,25.508161,07/11/2013,07/11/2013,Service delivery,9,1
285,-25.633576,27.784189,07/12/2013,07/12/2013,Transport related,6,0
302,-26.716256,27.098188,07/12/2013,07/12/2013,Election related,3,0
303,-29.854904,30.960539,07/12/2013,07/12/2013,Service delivery,9,0
291,-26.337842,28.140692,07/13/2013,07/13/2013,Crime related,1,0
301,-26.135149,28.22923,07/14/2013,07/14/2013,Political causes,5,0
355,-34.029316,18.664369,07/14/2013,07/15/2013,Service delivery,9,1
282,-25.466916,30.989688,07/15/2013,07/15/2013,Labour related,4,0
297,-26.216532,27.866652,07/15/2013,07/16/2013,Labour related,4,0
298,-26.238287,27.892531,07/15/2013,07/15/2013,Service delivery,9,1
300,-26.25981,29.256809,07/15/2013,07/15/2013,Labour related,4,0
299,-28.703191,26.456011,07/16/2013,07/16/2013,Service delivery,9,0
308,-25.720673,31.112463,07/16/2013,07/16/2013,Individual causes,11,0
313,-26.255075,29.263435,07/16/2013,07/16/2013,Service delivery,9,0
309,-25.758413,28.198611,07/18/2013,07/19/2013,Education related,2,0
325,-26.12555,28.372115,07/18/2013,07/18/2013,Vigilantism,7,1
331,-26.135301,28.229044,07/18/2013,07/18/2013,Labour related,4,0
340,-26.182012,27.973171,07/18/2013,07/18/2013,Labour related,4,0
304,-28.604382,16.486986,07/19/2013,07/19/2013,Labour related,4,0
306,-33.909097,18.56504,07/19/2013,07/19/2013,Service delivery,9,0
307,-33.983792,18.555197,07/19/2013,07/19/2013,Crime related,1,0
315,-26.690488,27.093171,07/19/2013,07/19/2013,Education related,2,0
305,-34.029567,18.663495,07/21/2013,07/24/2013,Service delivery,9,1
314,-34.000256,18.73325,07/21/2013,07/21/2013,Service delivery,9,0
354,-34.029316,18.664369,07/21/2013,07/22/2013,Service delivery,9,1
316,-29.575278,31.117982,07/23/2013,07/23/2013,Crime related,1,0
324,-23.701378,27.566265,07/23/2013,07/24/2013,Labour related,4,1
334,-33.921424,25.582595,07/23/2013,07/23/2013,Labour related,4,0
335,-32.986176,27.893937,07/23/2013,07/23/2013,Labour related,4,0
336,-33.958419,18.853401,07/23/2013,07/23/2013,Labour related,4,0
337,-33.925539,20.099706,07/23/2013,07/23/2013,Labour related,4,0
338,-25.992249,28.071148,07/23/2013,07/23/2013,Labour related,4,0
339,-25.905574,28.164898,07/23/2013,07/23/2013,Labour related,4,0
353,-34.03616,18.667598,07/23/2013,07/23/2013,Vigilantism,7,0
321,-33.927731,18.418592,07/24/2013,07/24/2013,Education related,2,0
323,-33.960968,18.503101,07/24/2013,07/24/2013,Vigilantism,7,1
359,-23.692287,30.140052,07/24/2013,07/25/2013,Labour related,4,1
320,-24.181225,29.014423,07/25/2013,07/25/2013,Election related,3,1
322,-33.960968,18.503101,07/25/2013,07/25/2013,Education related,2,0
352,-33.995207,18.584865,07/25/2013,07/25/2013,Crime related,1,0
380,-26.14762,27.87777,07/25/2013,07/28/2013,Labour related,4,0
319,-33.817442,18.541869,07/26/2013,07/26/2013,Service delivery,9,1
332,-25.646542,27.200626,07/26/2013,07/26/2013,Labour related,4,0
333,-31.602188,28.750526,07/26/2013,07/26/2013,Labour related,4,0
318,-25.759685,28.263282,07/27/2013,07/27/2013,Political causes,5,0
327,-26.192402,28.05656,07/27/2013,07/27/2013,Election related,3,1
358,-26.202549,28.031289,07/27/2013,07/27/2013,Service delivery,9,0
351,-34.026014,18.688172,07/28/2013,07/29/2013,Service delivery,9,1
326,-33.932549,18.437263,07/29/2013,07/29/2013,Transport related,6,0
329,-24.762471,29.867625,07/29/2013,07/29/2013,Labour related,4,0
330,-33.922584,18.418009,07/29/2013,07/29/2013,Labour related,4,0
360,-23.904256,29.42432,07/29/2013,07/29/2013,Education related,2,1
361,-26.104586,28.060336,07/30/2013,07/30/2013,Political causes,5,0
376,-28.680498,29.074463,07/30/2013,07/30/2013,Vigilantism,7,1
495,-34.066667,18.674083,07/30/2013,07/30/2013,Service delivery,9,1
356,-26.233136,28.80007,07/31/2013,07/31/2013,Labour related,4,0
357,-26.311882,27.647925,07/31/2013,07/31/2013,Labour related,4,0
379,-26.206219,28.04074,08/01/2013,08/01/2013,Labour related,4,0
381,-24.162092,29.008289,08/01/2013,08/01/2013,Labour related,4,0
383,-29.954618,30.94048,08/01/2013,08/01/2013,Labour related,4,0
384,-29.595987,30.373533,08/01/2013,08/01/2013,Labour related,4,0
378,-26.111395,28.112649,08/02/2013,08/02/2013,Service delivery,9,0
382,-25.745546,28.205176,08/02/2013,08/02/2013,Labour related,4,0
369,-25.642623,27.285862,08/03/2013,08/03/2013,Election related,3,0
375,-33.983638,18.555377,08/03/2013,08/03/2013,Crime related,1,0
682,-25.6426,27.285885,08/03/2013,08/03/2013,Election related,3,1
362,-26.489771,27.495142,08/04/2013,08/04/2013,Service delivery,9,1
364,-34.029158,18.66375,08/05/2013,08/05/2013,Service delivery,9,1
365,-30.742301,30.453313,08/05/2013,08/05/2013,Labour related,4,0
366,-26.180192,27.70183,08/05/2013,08/05/2013,Labour related,4,0
368,-33.92403,18.418724,08/05/2013,08/05/2013,Service delivery,9,1
388,-28.74428,24.767558,08/05/2013,08/05/2013,Labour related,4,1
389,-26.213388,28.147572,08/05/2013,08/05/2013,Labour related,4,0
367,-26.207491,28.036334,08/06/2013,08/06/2013,Environment related,10,0
387,-26.327711,28.149671,08/06/2013,08/06/2013,Labour related,4,0
371,-33.897443,25.580071,08/07/2013,08/07/2013,Education related,2,1
372,-30.920196,30.253603,08/07/2013,08/07/2013,Vigilantism,7,1
374,-33.927017,18.416021,08/07/2013,08/07/2013,Labour related,4,0
363,-26.287398,27.839832,08/08/2013,08/10/2013,Service delivery,9,1
373,-30.80893,29.366879,08/08/2013,08/08/2013,Crime related,1,0
396,-25.628587,28.085667,08/08/2013,08/08/2013,Labour related,4,0
370,-34.038978,18.678554,08/10/2013,08/10/2013,Service delivery,9,1
401,-33.008758,27.901247,08/10/2013,08/10/2013,Crime related,1,0
391,-28.332359,24.712954,08/11/2013,08/11/2013,Xenophobia,8,1
402,-23.1567,30.189864,08/11/2013,08/12/2013,Vigilantism,7,1
466,-22.949269,30.482676,08/11/2013,08/13/2013,Crime related,1,1
602,-28.315867,31.417093,08/11/2013,08/11/2013,Election related,3,1
392,-29.155951,31.412265,08/12/2013,08/12/2013,Service delivery,9,1
393,-29.423746,31.234012,08/12/2013,08/13/2013,Service delivery,9,1
390,-26.312878,27.830356,08/13/2013,08/13/2013,Service delivery,9,1
546,-23.005844,30.404358,08/13/2013,08/13/2013,Crime related,1,1
394,-25.749161,28.18991,08/14/2013,08/14/2013,Labour related,4,0
395,-25.736792,28.32949,08/14/2013,08/14/2013,Labour related,4,0
398,-25.684055,27.537876,08/14/2013,08/14/2013,Labour related,4,0
399,-26.729202,27.885895,08/14/2013,08/14/2013,Labour related,4,1
400,-34.029418,18.486801,08/14/2013,08/14/2013,Education related,2,1
397,-26.372017,28.407512,08/15/2013,08/15/2013,Service delivery,9,1
597,-33.994607,18.595095,08/15/2013,08/15/2013,Education related,2,1
607,-26.420467,28.468639,08/15/2013,08/15/2013,Election related,3,1
407,-33.777517,25.417158,08/19/2013,08/28/2013,Labour related,4,0
408,-25.736892,28.329488,08/19/2013,08/28/2013,Labour related,4,0
409,-28.754435,24.768948,08/20/2013,08/20/2013,Labour related,4,1
412,-25.761165,31.03958,08/20/2013,08/20/2013,Service delivery,9,1
410,-26.169857,27.845523,08/21/2013,08/21/2013,Service delivery,9,1
411,-26.457974,27.856767,08/21/2013,08/21/2013,Service delivery,9,1
405,-29.969657,30.853318,08/22/2013,08/22/2013,Service delivery,9,0
406,-26.201445,28.033736,08/22/2013,08/22/2013,Labour related,4,0
403,-33.86636,18.499898,08/23/2013,08/23/2013,Service delivery,9,1
404,-34.043191,18.655118,08/23/2013,08/23/2013,Service delivery,9,1
416,-33.944288,18.524394,08/23/2013,08/23/2013,Service delivery,9,1
475,-33.924655,18.420179,08/23/2013,08/23/2013,Crime related,1,0
493,-28.594384,29.80302,08/23/2013,08/23/2013,Service delivery,9,0
417,-26.184746,28.040572,08/24/2013,08/24/2013,Labour related,4,0
418,-32.956465,27.950555,08/24/2013,08/24/2013,Labour related,4,0
413,-26.217528,28.165139,08/26/2013,08/26/2013,Political causes,5,1
414,-26.135187,28.229137,08/26/2013,08/28/2013,Labour related,4,0
426,-31.602024,28.750627,08/26/2013,08/30/2013,Labour related,4,1
454,-33.917031,25.598464,08/26/2013,08/27/2013,Labour related,4,0
455,-33.762846,25.393792,08/26/2013,08/27/2013,Labour related,4,0
464,-33.922685,25.577148,08/26/2013,09/06/2013,Labour related,4,0
415,-26.106386,28.051614,08/27/2013,08/27/2013,Labour related,4,0
424,-26.087658,27.784282,08/27/2013,08/27/2013,Labour related,4,0
463,-31.601987,28.750605,08/27/2013,09/06/2013,Labour related,4,0
419,-26.471644,27.772807,08/28/2013,08/28/2013,Service delivery,9,1
421,-33.785389,20.123322,08/28/2013,08/28/2013,Crime related,1,1
423,-26.192114,28.030306,08/28/2013,08/28/2013,Political causes,5,0
425,-29.604686,30.372468,08/28/2013,08/28/2013,Education related,2,1
445,-26.108505,28.053795,08/28/2013,08/28/2013,Service delivery,9,0
465,-23.677333,27.734791,08/28/2013,09/06/2013,Labour related,4,0
422,-25.748224,28.188834,08/29/2013,08/29/2013,Labour related,4,0
461,-25.675577,28.523702,08/29/2013,08/29/2013,Labour related,4,1
420,-26.207144,28.037617,08/30/2013,08/30/2013,Service delivery,9,0
436,-33.907808,18.564744,08/30/2013,08/30/2013,Service delivery,9,0
457,-25.749611,28.185931,08/30/2013,08/30/2013,Education related,2,0
637,-28.692602,30.16766,08/30/2013,08/30/2013,Service delivery,9,1
462,-25.347465,27.099668,08/31/2013,08/31/2013,Labour related,4,0
432,-25.762302,28.206692,09/01/2013,09/01/2013,Political causes,5,0
433,-26.255794,27.910149,09/01/2013,09/01/2013,Service delivery,9,1
434,-26.272773,27.886728,09/01/2013,09/01/2013,Service delivery,9,1
428,-29.877897,30.984316,09/02/2013,09/02/2013,Labour related,4,1
429,-25.461485,30.929624,09/02/2013,09/02/2013,Crime related,1,0
430,-23.011852,30.716263,09/02/2013,09/02/2013,Service delivery,9,1
431,-29.857935,30.966404,09/02/2013,09/02/2013,Service delivery,9,1
437,-26.237185,28.002775,09/02/2013,09/02/2013,Labour related,4,0
440,-26.203019,28.034219,09/02/2013,09/05/2013,Labour related,4,0
446,-26.325012,27.414733,09/02/2013,09/06/2013,Labour related,4,0
450,-26.15679,28.227027,09/02/2013,09/05/2013,Labour related,4,0
451,-33.989798,18.591242,09/02/2013,09/06/2013,Labour related,4,1
452,-34.042783,18.655118,09/02/2013,09/06/2013,Labour related,4,1
453,-33.975794,18.676689,09/02/2013,09/06/2013,Labour related,4,1
456,-25.749886,28.200561,09/02/2013,09/02/2013,Labour related,4,0
512,-26.55224,29.074947,09/02/2013,09/09/2013,Labour related,4,0
427,-25.745356,28.204136,09/03/2013,09/03/2013,Labour related,4,0
438,-26.184888,27.703288,09/03/2013,09/05/2013,Labour related,4,0
443,-33.966273,18.553629,09/03/2013,09/04/2013,Labour related,4,1
447,-33.918064,18.417221,09/03/2013,09/05/2013,Labour related,4,1
448,-34.047894,18.605252,09/03/2013,09/05/2013,Labour related,4,1
449,-25.754605,28.178979,09/03/2013,09/04/2013,Labour related,4,0
460,-25.745512,28.204768,09/03/2013,09/06/2013,Labour related,4,0
435,-26.09276,28.005783,09/04/2013,09/05/2013,Labour related,4,0
439,-33.961668,25.624116,09/04/2013,09/04/2013,Labour related,4,1
442,-26.135148,28.229109,09/04/2013,09/05/2013,Labour related,4,1
444,-33.954315,25.60067,09/04/2013,09/05/2013,Service delivery,9,0
458,-32.855165,27.434555,09/04/2013,09/04/2013,Political causes,5,0
459,-30.685136,28.508305,09/04/2013,09/04/2013,Vigilantism,7,1
467,-26.12684,28.462989,09/04/2013,09/04/2013,Service delivery,9,1
468,-25.639672,30.329568,09/04/2013,09/04/2013,Crime related,1,0
473,-26.120732,28.065726,09/04/2013,09/04/2013,Service delivery,9,0
491,-28.581645,29.822507,09/04/2013,09/04/2013,Service delivery,9,0
470,-32.94989,27.766127,09/05/2013,09/05/2013,Service delivery,9,1
483,-29.794271,30.834823,09/05/2013,09/05/2013,Service delivery,9,0
485,-25.994167,28.126598,09/05/2013,09/05/2013,Service delivery,9,0
472,-26.185623,28.037921,09/06/2013,09/06/2013,Political causes,5,0
476,-26.192499,28.034015,09/06/2013,09/06/2013,Political causes,5,0
477,-26.212277,30.987235,09/06/2013,09/06/2013,Political causes,5,0
484,-26.079322,28.102187,09/06/2013,09/06/2013,Service delivery,9,0
499,-26.161909,27.87157,09/06/2013,09/06/2013,Political causes,5,0
506,-25.746469,28.289048,09/06/2013,09/06/2013,Transport related,6,0
474,-33.762461,25.402936,09/08/2013,09/08/2013,Crime related,1,0
486,-29.862442,31.010006,09/08/2013,09/08/2013,Crime related,1,1
487,-29.858879,31.025317,09/08/2013,09/08/2013,Crime related,1,0
490,-28.557901,29.786335,09/08/2013,09/08/2013,Service delivery,9,0
496,-26.139104,27.861999,09/08/2013,09/08/2013,Crime related,1,1
497,-34.039858,18.677731,09/08/2013,09/08/2013,Vigilantism,7,1
471,-25.627942,28.085014,09/09/2013,09/09/2013,Labour related,4,0
478,-26.102528,28.000267,09/09/2013,09/09/2013,Labour related,4,0
479,-34.038679,18.677083,09/09/2013,09/09/2013,Labour related,4,0
480,-33.907449,18.58866,09/09/2013,09/09/2013,Labour related,4,0
481,-25.939488,28.019971,09/09/2013,09/09/2013,Labour related,4,1
482,-26.387941,27.802645,09/09/2013,09/09/2013,Service delivery,9,1
492,-33.957754,25.597435,09/09/2013,09/10/2013,Labour related,4,0
498,-31.585992,28.790174,09/09/2013,09/09/2013,Labour related,4,0
501,-26.721492,27.040865,09/09/2013,09/09/2013,Election related,3,1
577,-26.371147,28.375404,09/09/2013,09/09/2013,Xenophobia,8,1
636,-26.204089,28.038091,09/09/2013,09/09/2013,Political causes,5,0
489,-26.202513,28.04524,09/10/2013,09/10/2013,Political causes,5,0
494,-26.161754,27.872114,09/10/2013,09/10/2013,Labour related,4,1
502,-26.191873,28.030242,09/10/2013,09/10/2013,Political causes,5,1
503,-26.109231,28.238458,09/10/2013,09/10/2013,Labour related,4,1
504,-26.251576,28.110133,09/10/2013,09/11/2013,Labour related,4,0
513,-33.651406,19.038318,09/10/2013,09/11/2013,Labour related,4,0
522,-34.044232,18.503888,09/10/2013,09/10/2013,Labour related,4,1
500,-26.301696,27.85928,09/11/2013,09/11/2013,Service delivery,9,1
507,-26.192913,28.318975,09/11/2013,09/11/2013,Service delivery,9,1
509,-29.853365,31.000316,09/11/2013,09/11/2013,Labour related,4,0
511,-29.184225,26.269949,09/11/2013,09/12/2013,Labour related,4,0
516,-34.047766,18.751242,09/11/2013,09/11/2013,Labour related,4,1
517,-33.920524,18.428856,09/11/2013,09/11/2013,Service delivery,9,0
518,-25.744651,28.235834,09/11/2013,09/11/2013,Labour related,4,1
520,-26.02822,27.945499,09/11/2013,09/11/2013,Service delivery,9,1
558,-25.824935,28.315505,09/11/2013,09/11/2013,Vigilantism,7,1
508,-26.204218,28.041609,09/12/2013,09/12/2013,Labour related,4,0
514,-25.74339,28.210263,09/12/2013,09/12/2013,Labour related,4,0
519,-33.908892,18.565234,09/12/2013,09/12/2013,Crime related,1,0
510,-32.851255,27.438113,09/13/2013,09/13/2013,Service delivery,9,0
523,-34.07511,18.457121,09/13/2013,09/13/2013,Labour related,4,1
515,-29.740252,30.633818,09/14/2013,09/14/2013,Transport related,6,0
521,-33.899464,25.603718,09/14/2013,09/15/2013,Xenophobia,8,1
532,-25.749458,28.189102,09/16/2013,09/16/2013,Labour related,4,0
536,-33.7988,25.586036,09/16/2013,09/17/2013,Xenophobia,8,1
584,-28.779997,32.03835,09/16/2013,10/17/2013,Labour related,4,0
531,-33.924453,18.425312,09/17/2013,09/17/2013,Labour related,4,0
533,-29.867498,30.98049,09/17/2013,09/17/2013,Education related,2,1
524,-26.28291,27.704255,09/18/2013,09/18/2013,Service delivery,9,1
548,-29.999395,30.944877,09/20/2013,09/20/2013,Service delivery,9,1
528,-26.333787,27.83695,09/21/2013,09/21/2013,Crime related,1,0
557,-29.837973,30.996797,09/21/2013,09/21/2013,Labour related,4,0
581,-33.006976,27.876562,09/22/2013,09/22/2013,Service delivery,9,0
543,-26.133306,27.583364,09/23/2013,09/23/2013,Service delivery,9,0
545,-22.974041,30.894041,09/23/2013,09/23/2013,Vigilantism,7,1
527,-26.191257,28.039466,09/25/2013,09/25/2013,Service delivery,9,0
526,-25.768069,28.199874,09/26/2013,09/26/2013,Election related,3,1
525,-26.286797,27.696605,09/27/2013,09/27/2013,Service delivery,9,1
529,-25.703683,27.472124,09/27/2013,09/27/2013,Labour related,4,0
569,-24.826702,27.285046,09/27/2013,10/01/2013,Labour related,4,1
632,-29.993485,30.929342,09/27/2013,09/27/2013,Service delivery,9,1
568,-26.242925,27.870484,09/28/2013,09/28/2013,Crime related,1,0
550,-26.158192,28.028535,09/29/2013,09/29/2013,Crime related,1,0
530,-29.859925,30.968782,09/30/2013,09/30/2013,Service delivery,9,1
534,-25.77261,28.114263,09/30/2013,09/30/2013,Service delivery,9,1
535,-33.924199,18.418742,09/30/2013,09/30/2013,Service delivery,9,0
539,-26.203838,28.032473,09/30/2013,10/01/2013,Labour related,4,0
540,-25.852938,28.167452,09/30/2013,10/01/2013,Labour related,4,0
541,-26.104057,28.049382,09/30/2013,10/01/2013,Labour related,4,0
542,-33.971915,18.465229,09/30/2013,10/01/2013,Labour related,4,0
544,-26.152895,27.676736,09/30/2013,09/30/2013,Labour related,4,0
576,-33.923614,18.417946,10/01/2013,10/01/2013,Service delivery,9,0
547,-28.560117,29.782988,10/02/2013,10/02/2013,Service delivery,9,0
549,-29.840523,31.009516,10/03/2013,10/03/2013,Labour related,4,0
551,-26.224543,28.252758,10/04/2013,10/04/2013,Crime related,1,0
553,-29.763148,30.948205,10/04/2013,10/04/2013,Service delivery,9,1
560,-29.96949,30.900331,10/04/2013,10/04/2013,Service delivery,9,1
561,-33.92423,18.42221,10/04/2013,10/04/2013,Environment related,10,0
574,-25.855613,28.187031,10/05/2013,10/05/2013,Crime related,1,0
559,-29.956543,30.939738,10/07/2013,10/07/2013,Crime related,1,1
565,-33.92221,18.422245,10/07/2013,10/07/2013,Labour related,4,0
618,-23.267685,29.110673,10/07/2013,10/07/2013,Election related,3,1
554,-29.818975,30.86112,10/08/2013,10/08/2013,Crime related,1,0
564,-33.971871,18.465194,10/08/2013,10/08/2013,Labour related,4,0
591,-26.141666,27.914767,10/08/2013,10/08/2013,Labour related,4,0
552,-26.553388,28.319866,10/09/2013,10/09/2013,Education related,2,0
556,-29.599319,30.384609,10/09/2013,10/09/2013,Labour related,4,0
562,-27.98835,26.73393,10/09/2013,10/09/2013,Service delivery,9,1
563,-25.179855,28.402183,10/09/2013,10/10/2013,Service delivery,9,0
571,-23.89396,29.735133,10/09/2013,10/11/2013,Education related,2,1
566,-33.931334,18.430342,10/10/2013,10/10/2013,Crime related,1,0
567,-25.740867,28.212277,10/10/2013,10/10/2013,Crime related,1,0
570,-26.178114,27.812114,10/10/2013,10/10/2013,Service delivery,9,1
572,-32.942168,28.009898,10/10/2013,10/10/2013,Crime related,1,0
613,-25.699546,27.65731,10/10/2013,10/10/2013,Election related,3,1
596,-34.000002,18.73335,10/12/2013,10/12/2013,Service delivery,9,1
575,-26.184595,28.006112,10/13/2013,10/13/2013,Labour related,4,0
580,-33.646436,19.44395,10/14/2013,10/14/2013,Crime related,1,0
621,-25.759005,29.458279,10/14/2013,10/14/2013,Crime related,1,0
573,-33.927337,18.422352,10/15/2013,10/15/2013,Labour related,4,0
578,-26.28214,27.703655,10/15/2013,10/16/2013,Service delivery,9,1
588,-29.407862,25.002472,10/15/2013,10/18/2013,Labour related,4,0
589,-29.842569,31.028404,10/15/2013,10/18/2013,Labour related,4,0
590,-26.217203,28.161708,10/15/2013,10/18/2013,Labour related,4,0
579,-26.189793,27.801801,10/16/2013,10/16/2013,Service delivery,9,1
582,-23.012222,30.716311,10/16/2013,10/17/2013,Service delivery,9,1
583,-29.856784,31.024092,10/16/2013,10/16/2013,Crime related,1,0
585,-25.851808,29.16487,10/17/2013,10/18/2013,Labour related,4,0
586,-25.796336,29.469094,10/17/2013,10/18/2013,Labour related,4,0
587,-24.802007,30.171004,10/17/2013,10/18/2013,Labour related,4,0
593,-25.750004,28.200707,10/17/2013,10/17/2013,Service delivery,9,0
594,-32.587352,19.012354,10/17/2013,10/17/2013,Service delivery,9,1
592,-33.957835,18.461632,10/18/2013,10/18/2013,Education related,2,0
598,-33.946278,25.507664,10/18/2013,10/18/2013,Service delivery,9,1
599,-32.748879,25.8072,10/18/2013,10/18/2013,Service delivery,9,1
633,-28.537631,29.804319,10/18/2013,10/18/2013,Service delivery,9,1
635,-25.931321,28.01491,10/18/2013,10/18/2013,Election related,3,1
595,-33.920431,18.432427,10/19/2013,10/19/2013,Environment related,10,0
600,-29.793692,30.936166,10/19/2013,10/19/2013,Service delivery,9,1
626,-29.888569,30.877996,10/21/2013,10/22/2013,Labour related,4,0
628,-27.65829,27.233336,10/21/2013,10/21/2013,Service delivery,9,0
629,-25.874283,29.212253,10/22/2013,10/22/2013,Service delivery,9,0
631,-26.201615,28.040797,10/22/2013,10/24/2013,Political causes,5,1
638,-26.18446,28.005951,10/24/2013,10/24/2013,Political causes,5,0
611,-24.839633,31.046749,10/25/2013,10/25/2013,Election related,3,1
627,-33.9086,18.660506,10/25/2013,10/25/2013,Service delivery,9,1
674,-26.54022,29.991406,10/25/2013,11/03/2013,Labour related,4,0
810,-28.717538,24.751504,10/25/2013,10/28/2013,Service delivery,9,1
848,-26.187768,28.009763,10/25/2013,10/25/2013,Political causes,5,0
622,-29.814955,30.978331,10/26/2013,10/26/2013,Service delivery,9,0
623,-25.754231,28.207652,10/26/2013,10/26/2013,Crime related,1,0
624,-29.871164,30.989533,10/26/2013,10/26/2013,Crime related,1,0
625,-29.886551,30.984166,10/26/2013,10/26/2013,Crime related,1,0
630,-25.681137,27.539435,10/26/2013,10/26/2013,Service delivery,9,0
642,-26.516126,29.202676,10/26/2013,10/26/2013,Vigilantism,7,1
610,-26.282026,27.703736,10/27/2013,10/28/2013,Election related,3,1
620,-26.282988,27.70419,10/27/2013,10/28/2013,Service delivery,9,1
634,-32.750087,25.807632,10/27/2013,10/27/2013,Service delivery,9,1
641,-26.372608,28.407505,10/29/2013,10/29/2013,Xenophobia,8,1
639,-33.924194,18.418771,10/30/2013,10/30/2013,Service delivery,9,1
640,-26.169767,27.845742,10/30/2013,10/30/2013,Service delivery,9,1
675,-26.101882,27.766012,10/31/2013,10/31/2013,Crime related,1,0
678,-26.175352,27.866838,10/31/2013,10/31/2013,Service delivery,9,1
680,-26.41992,28.473352,10/31/2013,10/31/2013,Xenophobia,8,0
693,-29.848824,30.824898,10/31/2013,10/31/2013,Labour related,4,0
673,-26.248429,27.853773,11/01/2013,11/01/2013,Service delivery,9,1
679,-26.202462,28.031438,11/01/2013,11/01/2013,Transport related,6,0
16,-25.742567,28.174363,11/02/2013,11/02/2013,Transport related,6,0
643,-26.134153,28.034748,11/03/2013,11/25/2013,Labour related,4,0
672,-32.743752,27.486498,11/03/2013,11/03/2013,Vigilantism,7,1
676,-26.332134,27.313981,11/03/2013,11/03/2013,Vigilantism,7,1
677,-26.289259,27.895396,11/03/2013,11/03/2013,Election related,3,1
608,-25.812834,28.093279,11/05/2013,11/05/2013,Election related,3,1
662,-33.797978,25.585857,11/05/2013,11/07/2013,Labour related,4,0
663,-33.768284,25.389336,11/05/2013,11/07/2013,Labour related,4,0
670,-25.74483,28.210837,11/05/2013,11/05/2013,Service delivery,9,1
609,-25.740133,28.211998,11/07/2013,11/07/2013,Election related,3,1
655,-33.941721,18.829609,11/07/2013,11/09/2013,Labour related,4,0
656,-33.432158,19.646788,11/07/2013,11/09/2013,Labour related,4,1
665,-33.701777,18.965979,11/07/2013,11/09/2013,Labour related,4,0
666,-32.899759,18.766632,11/07/2013,11/09/2013,Labour related,4,0
667,-34.048748,18.620189,11/07/2013,11/07/2013,Service delivery,9,1
668,-26.206012,28.039833,11/07/2013,11/07/2013,Labour related,4,0
669,-25.74483,28.210837,11/07/2013,11/07/2013,Service delivery,9,1
601,-30.524782,27.364747,11/09/2013,11/10/2013,Election related,3,1
615,-27.46289,23.433096,11/09/2013,11/09/2013,Election related,3,1
616,-27.46091,23.434325,11/09/2013,11/10/2013,Election related,3,1
617,-34.002154,18.560001,11/09/2013,11/10/2013,Election related,3,1
619,-23.012124,30.716225,11/09/2013,11/10/2013,Election related,3,0
664,-23.849575,29.383099,11/09/2013,11/09/2013,Election related,3,0
657,-33.739218,25.39524,11/11/2013,11/15/2013,Service delivery,9,1
653,-25.877025,29.246756,11/12/2013,11/12/2013,Crime related,1,1
658,-33.743219,25.378951,11/12/2013,11/12/2013,Service delivery,9,1
660,-29.857599,31.025731,11/12/2013,11/12/2013,Transport related,6,0
671,-26.218056,28.166184,11/12/2013,11/12/2013,Labour related,4,0
659,-26.282948,25.111284,11/13/2013,11/13/2013,Vigilantism,7,1
652,-26.19246,28.038588,11/14/2013,11/14/2013,Election related,3,0
654,-26.22455,28.252701,11/14/2013,11/14/2013,Crime related,1,0
661,-26.19246,28.038588,11/14/2013,11/14/2013,Labour related,4,0
649,-34.000428,18.729025,11/16/2013,11/17/2013,Service delivery,9,1
650,-34.049805,18.621359,11/17/2013,11/17/2013,Election related,3,0
646,-26.354574,28.132196,11/18/2013,11/19/2013,Xenophobia,8,1
648,-29.857426,30.978187,11/18/2013,11/19/2013,Service delivery,9,1
651,-29.857433,30.978151,11/18/2013,11/18/2013,Service delivery,9,1
681,-26.355574,28.132539,11/18/2013,11/18/2013,Service delivery,9,1
647,-25.66025,27.244178,11/19/2013,11/21/2013,Labour related,4,0
645,-25.432036,27.835553,11/21/2013,11/21/2013,Service delivery,9,1
644,-33.931534,18.433679,11/23/2013,11/23/2013,Transport related,6,0
692,-29.848824,30.824898,11/26/2013,11/26/2013,Labour related,4,0
695,-26.134153,28.034748,11/26/2013,11/26/2013,Labour related,4,0
691,-25.747603,28.219861,11/27/2013,11/27/2013,Political causes,5,0
694,-26.202251,28.040583,11/28/2013,11/28/2013,Political causes,5,1
690,-26.193279,28.036915,11/29/2013,11/29/2013,Labour related,4,0
698,-26.186789,28.009663,11/29/2013,11/29/2013,Labour related,4,0
696,-33.931534,18.433679,11/30/2013,11/30/2013,Transport related,6,0
686,-26.162641,27.787248,12/02/2013,12/02/2013,Service delivery,9,1
687,-25.525092,28.101942,12/03/2013,12/03/2013,Service delivery,9,1
688,-26.037042,28.061986,12/03/2013,12/03/2013,Transport related,6,0
689,-26.039558,28.061194,12/03/2013,12/03/2013,Transport related,6,0
712,-33.903604,18.640938,12/03/2013,12/03/2013,Labour related,4,0
849,-28.728303,24.751766,12/04/2013,12/04/2013,Crime related,1,0
683,-26.20427,28.041222,12/05/2013,12/05/2013,Transport related,6,0
684,-26.193279,28.036915,12/05/2013,12/05/2013,Labour related,4,0
685,-26.218171,28.164501,12/05/2013,12/05/2013,Labour related,4,0
718,-34.036073,23.049799,12/05/2013,12/05/2013,Crime related,1,0
697,-29.959889,30.902861,12/07/2013,12/07/2013,Xenophobia,8,1
703,-25.461715,30.929748,12/10/2013,12/10/2013,Individual causes,11,1
700,-34.047873,18.623279,12/13/2013,12/13/2013,Crime related,1,0
734,-26.289144,28.267275,12/13/2013,12/13/2013,Transport related,6,1
699,-33.923473,18.419912,12/14/2013,12/14/2013,Labour related,4,0
732,-33.84554,25.514949,12/15/2013,12/15/2013,Vigilantism,7,1
731,-25.940757,28.01809,12/16/2013,12/16/2013,Vigilantism,7,1
733,-29.970707,30.900054,12/16/2013,12/16/2013,Individual causes,11,0
701,-26.073744,27.753328,12/18/2013,12/18/2013,Crime related,1,0
702,-29.19272,26.821649,12/18/2013,12/18/2013,Crime related,1,0
722,-25.885206,29.183396,12/18/2013,12/18/2013,Vigilantism,7,1
751,-30.67612,30.109957,12/23/2013,12/23/2013,Election related,3,1
746,-33.952401,18.56922,12/26/2013,12/27/2013,Service delivery,9,1
711,-25.943227,29.60244,12/27/2013,12/29/2013,Crime related,1,1
715,-26.215119,27.699933,01/01/2014,01/01/2014,Crime related,1,1
729,-25.934678,28.012516,01/03/2014,01/03/2014,Vigilantism,7,1
708,-26.161985,27.787071,01/04/2014,01/08/2014,Service delivery,9,1
713,-27.662776,27.240576,01/06/2014,01/08/2014,Labour related,4,0
723,-29.734179,30.997257,01/06/2014,01/06/2014,Crime related,1,0
728,-23.279865,30.582937,01/06/2014,01/06/2014,Vigilantism,7,1
852,-26.207661,27.715236,01/07/2014,01/07/2014,Crime related,1,1
704,-25.756571,28.186019,01/08/2014,01/08/2014,Crime related,1,1
714,-24.952275,27.265196,01/08/2014,01/10/2014,Labour related,4,0
719,-34.04768,24.923165,01/08/2014,01/08/2014,Crime related,1,0
727,-33.878383,25.594014,01/09/2014,01/09/2014,Service delivery,9,0
752,-33.959975,25.603121,01/09/2014,01/17/2014,Service delivery,9,1
705,-25.750053,28.183579,01/10/2014,01/10/2014,Crime related,1,1
706,-28.622802,31.087675,01/11/2014,01/11/2014,Election related,3,1
709,-26.267825,27.979472,01/11/2014,01/11/2014,Transport related,6,0
717,-25.604824,27.886794,01/12/2014,01/14/2014,Service delivery,9,1
707,-26.238237,28.365753,01/13/2014,01/13/2014,Crime related,1,0
710,-30.030609,25.779391,01/13/2014,01/13/2014,Individual causes,11,0
716,-26.024567,28.012965,01/13/2014,01/13/2014,Political causes,5,0
720,-28.622501,31.089062,01/13/2014,01/13/2014,Political causes,5,0
721,-25.089952,30.422588,01/13/2014,01/13/2014,Service delivery,9,1
724,-33.798639,25.575868,01/13/2014,01/13/2014,Vigilantism,7,0
725,-26.362736,28.121822,01/13/2014,01/13/2014,Service delivery,9,0
736,-26.162834,27.871099,01/14/2014,01/17/2014,Service delivery,9,1
740,-25.657001,26.675563,01/14/2014,01/14/2014,Crime related,1,0
747,-27.969597,26.823395,01/14/2014,01/14/2014,Service delivery,9,1
737,-23.901042,29.705461,01/15/2014,01/17/2014,Labour related,4,0
738,-29.064084,30.593036,01/15/2014,01/15/2014,Service delivery,9,1
739,-33.953398,18.570914,01/15/2014,01/17/2014,Service delivery,9,1
742,-25.499763,28.079839,01/15/2014,01/15/2014,Service delivery,9,1
749,-29.600252,30.379328,01/15/2014,01/17/2014,Xenophobia,8,1
741,-25.52548,28.09383,01/16/2014,01/19/2014,Service delivery,9,1
754,-32.749997,25.807653,01/16/2014,01/22/2014,Labour related,4,0
743,-29.798459,30.591213,01/18/2014,01/18/2014,Vigilantism,7,1
745,-25.604766,27.886731,01/18/2014,01/18/2014,Election related,3,0
748,-26.145422,27.850292,01/18/2014,01/18/2014,Service delivery,9,1
750,-29.856342,31.01938,01/18/2014,01/18/2014,Service delivery,9,1
744,-25.413741,31.175312,01/19/2014,01/19/2014,Service delivery,9,1
735,-34.053241,18.695339,01/20/2014,01/20/2014,Service delivery,9,0
753,-28.417787,26.699563,01/20/2014,01/22/2014,Labour related,4,1
756,-26.282084,27.703654,01/21/2014,01/22/2014,Service delivery,9,0
760,-33.983296,18.566634,01/21/2014,01/22/2014,Service delivery,9,1
755,-25.633053,27.78197,01/22/2014,01/22/2014,Service delivery,9,0
757,-26.172453,27.873996,01/23/2014,01/23/2014,Service delivery,9,1
758,-26.109639,28.095772,01/23/2014,01/23/2014,Service delivery,9,1
759,-25.668527,27.523406,01/23/2014,02/05/2014,Labour related,4,1
770,-23.678407,30.326422,01/24/2014,01/31/2014,Crime related,1,1
765,-29.822876,30.879218,01/25/2014,01/25/2014,Transport related,6,0
775,-26.426271,27.861391,01/26/2014,01/26/2014,Vigilantism,7,1
762,-26.184671,27.997344,01/27/2014,01/31/2014,Education related,2,1
764,-26.215168,28.051624,01/27/2014,01/27/2014,Transport related,6,0
766,-32.877325,27.390855,01/27/2014,01/27/2014,Transport related,6,0
767,-33.927506,18.431591,01/27/2014,01/27/2014,Transport related,6,0
768,-33.9743,25.644984,01/27/2014,01/27/2014,Transport related,6,0
769,-29.8537,31.004714,01/27/2014,01/31/2014,Education related,2,1
772,-26.15772,27.866541,01/27/2014,01/27/2014,Crime related,1,1
776,-25.99564,28.197139,01/27/2014,01/27/2014,Vigilantism,7,1
779,-26.23027,28.029211,01/27/2014,01/31/2014,Labour related,4,0
797,-33.932251,18.641259,01/27/2014,01/30/2014,Education related,2,0
763,-26.100204,27.765926,01/28/2014,01/28/2014,Service delivery,9,0
773,-33.901164,18.619703,01/28/2014,01/28/2014,Crime related,1,0
774,-29.968914,30.91282,01/28/2014,01/30/2014,Education related,2,1
761,-25.733232,28.163471,01/29/2014,02/03/2014,Education related,2,1
771,-26.700182,27.83451,01/29/2014,01/29/2014,Crime related,1,0
782,-25.411881,28.266693,01/29/2014,02/03/2014,Service delivery,9,1
783,-25.79989,28.742184,01/29/2014,02/05/2014,Service delivery,9,1
784,-29.849744,30.947347,01/29/2014,01/30/2014,Crime related,1,1
788,-34.054082,18.347335,01/29/2014,02/03/2014,Service delivery,9,1
777,-23.69566,30.301531,01/30/2014,01/31/2014,Crime related,1,1
841,-23.070018,29.647281,01/30/2014,01/30/2014,Vigilantism,7,1
778,-33.874085,18.510479,01/31/2014,01/31/2014,Service delivery,9,1
780,-33.013733,27.90332,01/31/2014,01/31/2014,Labour related,4,1
785,-26.1935,28.055592,01/31/2014,01/31/2014,Service delivery,9,0
868,-31.565957,26.556846,01/31/2014,01/31/2014,Service delivery,9,1
781,-26.026553,27.801833,02/01/2014,02/01/2014,Service delivery,9,1
786,-26.153088,27.832936,02/02/2014,02/02/2014,Service delivery,9,1
787,-26.058171,27.903186,02/03/2014,02/03/2014,Service delivery,9,1
789,-25.742317,28.186088,02/03/2014,02/03/2014,Transport related,6,0
790,-33.92549,18.419934,02/03/2014,02/03/2014,Service delivery,9,0
794,-26.434609,28.505347,02/03/2014,02/03/2014,Xenophobia,8,1
798,-29.867422,30.980675,02/03/2014,02/03/2014,Education related,2,0
800,-29.817245,30.945266,02/03/2014,02/06/2014,Education related,2,1
801,-29.827354,30.838788,02/03/2014,02/06/2014,Education related,2,1
795,-34.015673,18.550215,02/04/2014,02/04/2014,Vigilantism,7,1
791,-26.581005,27.833492,02/05/2014,02/06/2014,Service delivery,9,1
793,-33.924078,18.416947,02/05/2014,02/05/2014,Service delivery,9,0
796,-25.679435,28.749919,02/05/2014,02/05/2014,Service delivery,9,0
808,-33.013747,27.903479,02/05/2014,02/07/2014,Labour related,4,1
792,-25.73991,27.67592,02/06/2014,02/07/2014,Service delivery,9,1
799,-34.119337,18.908664,02/06/2014,02/06/2014,Service delivery,9,0
806,-25.549682,28.016417,02/06/2014,02/07/2014,Service delivery,9,1
807,-33.916325,18.427106,02/06/2014,02/06/2014,Labour related,4,0
822,-25.631796,26.683685,02/06/2014,02/06/2014,Crime related,1,1
804,-25.700628,27.362082,02/07/2014,02/08/2014,Labour related,4,1
818,-30.856645,29.856909,02/07/2014,02/07/2014,Service delivery,9,1
802,-33.876544,18.859649,02/08/2014,02/09/2014,Election related,3,1
803,-26.281987,27.70365,02/08/2014,02/09/2014,Election related,3,1
805,-33.931396,25.569593,02/08/2014,02/09/2014,Election related,3,1
811,-27.44283,24.693884,02/08/2014,02/09/2014,Election related,3,1
819,-31.650715,28.223355,02/08/2014,02/09/2014,Election related,3,1
821,-25.802982,28.747678,02/08/2014,02/09/2014,Election related,3,1
823,-33.883884,25.576288,02/08/2014,02/09/2014,Election related,3,1
824,-26.580698,27.823535,02/08/2014,02/09/2014,Election related,3,1
828,-33.916547,18.849961,02/08/2014,02/09/2014,Election related,3,1
847,-26.207179,28.031635,02/08/2014,02/08/2014,Crime related,1,0
813,-34.043557,18.584997,02/09/2014,02/10/2014,Service delivery,9,1
817,-25.629145,27.248826,02/09/2014,02/09/2014,Xenophobia,8,1
845,-23.390476,30.67343,02/09/2014,02/09/2014,Vigilantism,7,1
812,-34.533129,20.041937,02/10/2014,02/10/2014,Election related,3,0
814,-26.208238,28.042166,02/12/2014,02/12/2014,Election related,3,0
815,-26.204051,28.038115,02/12/2014,02/12/2014,Election related,3,1
816,-25.233903,28.117691,02/12/2014,02/12/2014,Election related,3,0
820,-33.003588,27.899816,02/12/2014,02/12/2014,Election related,3,1
834,-26.104502,28.699328,02/12/2014,02/14/2014,Service delivery,9,1
867,-33.762594,25.39384,02/12/2014,02/12/2014,Service delivery,9,1
836,-29.955976,30.941606,02/13/2014,02/13/2014,Labour related,4,0
844,-26.581312,28.015968,02/13/2014,02/14/2014,Service delivery,9,1
846,-25.698004,28.409388,02/13/2014,02/13/2014,Vigilantism,7,1
866,-30.976431,26.148724,02/13/2014,02/13/2014,Education related,2,0
832,-29.837665,30.683585,02/14/2014,02/14/2014,Election related,3,1
833,-34.043557,18.584997,02/14/2014,02/14/2014,Service delivery,9,1
835,-33.926183,18.417717,02/14/2014,02/14/2014,Political causes,5,0
838,-25.750053,28.183751,02/14/2014,02/14/2014,Crime related,1,0
839,-28.633199,29.083801,02/14/2014,02/14/2014,Crime related,1,0
831,-33.968563,18.5382,02/15/2014,02/15/2014,Crime related,1,0
850,-26.232223,27.699867,02/15/2014,02/15/2014,Crime related,1,0
829,-25.499841,28.080169,02/16/2014,02/17/2014,Service delivery,9,1
837,-29.988486,30.813278,02/16/2014,02/16/2014,Vigilantism,7,1
825,-30.207481,30.789902,02/17/2014,02/17/2014,Service delivery,9,1
826,-32.899406,17.983747,02/17/2014,02/17/2014,Service delivery,9,0
827,-29.827354,30.838788,02/17/2014,02/17/2014,Education related,2,1
830,-26.157748,27.866572,02/17/2014,02/17/2014,Crime related,1,0
853,-23.082257,30.283284,02/17/2014,02/18/2014,Labour related,4,0
856,-25.483145,31.517022,02/17/2014,02/17/2014,Vigilantism,7,1
858,-26.20381,28.241458,02/17/2014,02/18/2014,Service delivery,9,1
840,-26.010027,27.94102,02/18/2014,02/19/2014,Service delivery,9,1
842,-26.202482,27.876581,02/18/2014,02/18/2014,Service delivery,9,1
851,-26.174543,27.69777,02/18/2014,02/18/2014,Crime related,1,0
855,-25.787063,28.141755,02/18/2014,02/18/2014,Labour related,4,0
857,-24.837841,31.074043,02/18/2014,02/18/2014,Service delivery,9,1
843,-25.63936,28.526488,02/19/2014,02/20/2014,Xenophobia,8,1
854,-24.988275,27.188493,02/20/2014,02/20/2014,Labour related,4,1
862,-33.983224,18.555465,02/20/2014,02/25/2014,Vigilantism,7,1
865,-33.858825,25.487207,02/20/2014,02/20/2014,Service delivery,9,0
877,-26.379491,28.120609,02/20/2014,02/20/2014,Crime related,1,0
863,-30.028528,30.864236,02/21/2014,02/21/2014,Service delivery,9,0
860,-24.420307,29.752514,02/22/2014,02/23/2014,Vigilantism,7,1
859,-24.360779,29.327818,02/23/2014,02/23/2014,Xenophobia,8,1
861,-29.85356,31.004809,02/24/2014,02/25/2014,Education related,2,0
864,-33.961613,25.610309,02/24/2014,02/25/2014,Education related,2,1
874,-29.853764,31.004757,02/24/2014,02/25/2014,Education related,2,1
876,-26.203963,28.242905,02/24/2014,02/24/2014,Service delivery,9,1
873,-29.808903,30.956208,02/26/2014,02/26/2014,Service delivery,9,1
875,-29.728757,30.989657,02/26/2014,02/26/2014,Crime related,1,1
878,-26.215976,27.866108,02/26/2014,02/26/2014,Election related,3,0
869,-26.282948,25.112289,02/27/2014,02/28/2014,Service delivery,9,1
870,-26.261244,27.901398,02/27/2014,02/28/2014,Service delivery,9,1
871,-26.542043,27.857205,02/27/2014,02/27/2014,Crime related,1,0
872,-33.92228,18.422674,02/27/2014,02/27/2014,Service delivery,9,1
879,-33.825176,18.649376,03/03/2014,03/03/2014,Political causes,5,0
880,-29.857728,31.018818,03/03/2014,03/03/2014,Political causes,5,0
881,-26.203502,28.047308,03/03/2014,03/03/2014,Political causes,5,0
882,-23.909614,29.460905,03/03/2014,03/03/2014,Political causes,5,0